URL,title
http://localhost:8080/,PetClinic :: a Spring Framework demonstration
http://localhost:8080/owners/find,PetClinic :: a Spring Framework demonstration
http://localhost:8080/vets.html,PetClinic :: a Spring Framework demonstration
http://localhost:8080/owners/new,PetClinic :: a Spring Framework demonstration
http://localhost:8080/vets.html/?page=2,PetClinic :: a Spring Framework demonstration
http://localhost:8080/vets.html/?page=1,PetClinic :: a Spring Framework demonstration
URL,title
http://localhost:8080/owners/4,PetClinic :: a Spring Framework demonstration
http://localhost:8080/owners/3,PetClinic :: a Spring Framework demonstration
http://localhost:8080/owners/1,PetClinic :: a Spring Framework demonstration
http://localhost:8080/owners/2,PetClinic :: a Spring Framework demonstration
http://localhost:8080/owners/5,PetClinic :: a Spring Framework demonstration
http://localhost:8080/vets.html,PetClinic :: a Spring Framework demonstration
http://localhost:8080/owners/?page=2,PetClinic :: a Spring Framework demonstration
http://localhost:8080/,PetClinic :: a Spring Framework demonstration
http://localhost:8080/owners/find,PetClinic :: a Spring Framework demonstration
http://localhost:8080/owners/4/pets/new,PetClinic :: a Spring Framework demonstration
http://localhost:8080/owners/4/edit,PetClinic :: a Spring Framework demonstration
http://localhost:8080/owners/4/pets/5/visits/new,PetClinic :: a Spring Framework demonstration
http://localhost:8080/owners/4/pets/5/edit,PetClinic :: a Spring Framework demonstration
http://localhost:8080/vets.html/?page=2,PetClinic :: a Spring Framework demonstration
http://localhost:8080/owners/5/edit,PetClinic :: a Spring Framework demonstration
http://localhost:8080/owners/2/pets/2/visits/new,PetClinic :: a Spring Framework demonstration
http://localhost:8080/owners/2/edit,PetClinic :: a Spring Framework demonstration
http://localhost:8080/owners/5/pets/6/visits/new,PetClinic :: a Spring Framework demonstration
http://localhost:8080/owners/2/pets/2/edit,PetClinic :: a Spring Framework demonstration
http://localhost:8080/owners/2/pets/new,PetClinic :: a Spring Framework demonstration
http://localhost:8080/owners/1/pets/1/visits/new,PetClinic :: a Spring Framework demonstration
http://localhost:8080/owners/5/pets/new,PetClinic :: a Spring Framework demonstration
http://localhost:8080/owners/5/pets/6/edit,PetClinic :: a Spring Framework demonstration
http://localhost:8080/owners/1/pets/1/edit,PetClinic :: a Spring Framework demonstration
http://localhost:8080/owners/new,PetClinic :: a Spring Framework demonstration
http://localhost:8080/owners/1/pets/new,PetClinic :: a Spring Framework demonstration
http://localhost:8080/owners/9,PetClinic :: a Spring Framework demonstration
http://localhost:8080/owners/7,PetClinic :: a Spring Framework demonstration
http://localhost:8080/owners/10,PetClinic :: a Spring Framework demonstration
http://localhost:8080/owners/8,PetClinic :: a Spring Framework demonstration
http://localhost:8080/owners/6,PetClinic :: a Spring Framework demonstration
http://localhost:8080/owners/?page=1,PetClinic :: a Spring Framework demonstration
http://localhost:8080/owners/1/edit,PetClinic :: a Spring Framework demonstration
http://localhost:8080/owners/3/pets/3/edit,PetClinic :: a Spring Framework demonstration
http://localhost:8080/owners/3/pets/3/visits/new,PetClinic :: a Spring Framework demonstration
http://localhost:8080/owners/3/pets/4/visits/new,PetClinic :: a Spring Framework demonstration
http://localhost:8080/owners/3/pets/new,PetClinic :: a Spring Framework demonstration
http://localhost:8080/owners/3/edit,PetClinic :: a Spring Framework demonstration
http://localhost:8080/owners/3/pets/4/edit,PetClinic :: a Spring Framework demonstration
http://localhost:8080/vets.html/?page=1,PetClinic :: a Spring Framework demonstration
http://localhost:8080/owners/10/pets/13/visits/new,PetClinic :: a Spring Framework demonstration
http://localhost:8080/owners/8/pets/10/edit,PetClinic :: a Spring Framework demonstration
http://localhost:8080/owners/8/pets/new,PetClinic :: a Spring Framework demonstration
http://localhost:8080/owners/8/edit,PetClinic :: a Spring Framework demonstration
http://localhost:8080/owners/10/pets/13/edit,PetClinic :: a Spring Framework demonstration
http://localhost:8080/owners/8/pets/10/visits/new,PetClinic :: a Spring Framework demonstration
http://localhost:8080/owners/10/pets/12/edit,PetClinic :: a Spring Framework demonstration
http://localhost:8080/owners/10/pets/12/visits/new,PetClinic :: a Spring Framework demonstration
http://localhost:8080/owners/7/pets/9/visits/new,PetClinic :: a Spring Framework demonstration
http://localhost:8080/owners/9/pets/11/visits/new,PetClinic :: a Spring Framework demonstration
http://localhost:8080/owners/10/edit,PetClinic :: a Spring Framework demonstration
http://localhost:8080/owners/7/edit,PetClinic :: a Spring Framework demonstration
http://localhost:8080/owners/9/pets/11/edit,PetClinic :: a Spring Framework demonstration
http://localhost:8080/owners/7/pets/new,PetClinic :: a Spring Framework demonstration
http://localhost:8080/owners/7/pets/9/edit,PetClinic :: a Spring Framework demonstration
http://localhost:8080/owners/10/pets/new,PetClinic :: a Spring Framework demonstration
http://localhost:8080/owners/6/pets/7/visits/new,PetClinic :: a Spring Framework demonstration
http://localhost:8080/owners/6/pets/7/edit,PetClinic :: a Spring Framework demonstration
http://localhost:8080/owners/6/pets/8/visits/new,PetClinic :: a Spring Framework demonstration
http://localhost:8080/owners/6/edit,PetClinic :: a Spring Framework demonstration
http://localhost:8080/owners/6/pets/8/edit,PetClinic :: a Spring Framework demonstration
http://localhost:8080/owners/9/edit,PetClinic :: a Spring Framework demonstration
http://localhost:8080/owners/6/pets/new,PetClinic :: a Spring Framework demonstration
http://localhost:8080/owners/9/pets/new,PetClinic :: a Spring Framework demonstration
URL,title
http://localhost:8080/,PetClinic :: a Spring Framework demonstration
http://localhost:8080/owners/find,PetClinic :: a Spring Framework demonstration
http://localhost:8080/vets.html,PetClinic :: a Spring Framework demonstration
http://localhost:8080/owners/new,PetClinic :: a Spring Framework demonstration
http://localhost:8080/vets.html/?page=2,PetClinic :: a Spring Framework demonstration
http://localhost:8080/vets.html/?page=1,PetClinic :: a Spring Framework demonstration
URL,title
http://localhost:8080/owners/4,PetClinic :: a Spring Framework demonstration
http://localhost:8080/owners/2,PetClinic :: a Spring Framework demonstration
http://localhost:8080/owners/5,PetClinic :: a Spring Framework demonstration
http://localhost:8080/owners/3,PetClinic :: a Spring Framework demonstration
http://localhost:8080/owners/1,PetClinic :: a Spring Framework demonstration
http://localhost:8080/owners/?page=3,PetClinic :: a Spring Framework demonstration
http://localhost:8080/owners/?page=2,PetClinic :: a Spring Framework demonstration
http://localhost:8080/,PetClinic :: a Spring Framework demonstration
http://localhost:8080/owners/find,PetClinic :: a Spring Framework demonstration
http://localhost:8080/vets.html,PetClinic :: a Spring Framework demonstration
http://localhost:8080/owners/4/pets/5/edit,PetClinic :: a Spring Framework demonstration
http://localhost:8080/owners/4/pets/new,PetClinic :: a Spring Framework demonstration
http://localhost:8080/owners/4/pets/5/visits/new,PetClinic :: a Spring Framework demonstration
http://localhost:8080/owners/4/edit,PetClinic :: a Spring Framework demonstration
http://localhost:8080/owners/1/pets/1/edit,PetClinic :: a Spring Framework demonstration
http://localhost:8080/owners/1/pets/new,PetClinic :: a Spring Framework demonstration
http://localhost:8080/owners/1/edit,PetClinic :: a Spring Framework demonstration
http://localhost:8080/owners/1/pets/1/visits/new,PetClinic :: a Spring Framework demonstration
http://localhost:8080/owners/3/pets/3/visits/new,PetClinic :: a Spring Framework demonstration
http://localhost:8080/owners/3/pets/4/visits/new,PetClinic :: a Spring Framework demonstration
http://localhost:8080/owners/5/pets/6/visits/new,PetClinic :: a Spring Framework demonstration
http://localhost:8080/owners/3/pets/4/edit,PetClinic :: a Spring Framework demonstration
http://localhost:8080/owners/3/pets/3/edit,PetClinic :: a Spring Framework demonstration
http://localhost:8080/owners/3/edit,PetClinic :: a Spring Framework demonstration
http://localhost:8080/owners/3/pets/new,PetClinic :: a Spring Framework demonstration
http://localhost:8080/owners/5/pets/6/edit,PetClinic :: a Spring Framework demonstration
http://localhost:8080/owners/5/pets/new,PetClinic :: a Spring Framework demonstration
http://localhost:8080/owners/5/edit,PetClinic :: a Spring Framework demonstration
http://localhost:8080/owners/2/pets/2/visits/new,PetClinic :: a Spring Framework demonstration
http://localhost:8080/owners/10,PetClinic :: a Spring Framework demonstration
http://localhost:8080/owners/9,PetClinic :: a Spring Framework demonstration
http://localhost:8080/owners/8,PetClinic :: a Spring Framework demonstration
http://localhost:8080/owners/2/pets/2/edit,PetClinic :: a Spring Framework demonstration
http://localhost:8080/vets.html/?page=2,PetClinic :: a Spring Framework demonstration
http://localhost:8080/owners/new,PetClinic :: a Spring Framework demonstration
http://localhost:8080/owners/7,PetClinic :: a Spring Framework demonstration
http://localhost:8080/owners/6,PetClinic :: a Spring Framework demonstration
http://localhost:8080/owners/?page=1,PetClinic :: a Spring Framework demonstration
http://localhost:8080/owners/2/edit,PetClinic :: a Spring Framework demonstration
http://localhost:8080/owners/11,PetClinic :: a Spring Framework demonstration
http://localhost:8080/owners/2/pets/new,PetClinic :: a Spring Framework demonstration
http://localhost:8080/owners/10/edit,PetClinic :: a Spring Framework demonstration
http://localhost:8080/owners/10/pets/13/visits/new,PetClinic :: a Spring Framework demonstration
http://localhost:8080/owners/10/pets/13/edit,PetClinic :: a Spring Framework demonstration
http://localhost:8080/owners/10/pets/new,PetClinic :: a Spring Framework demonstration
http://localhost:8080/owners/10/pets/12/visits/new,PetClinic :: a Spring Framework demonstration
http://localhost:8080/owners/10/pets/12/edit,PetClinic :: a Spring Framework demonstration
http://localhost:8080/owners/6/pets/7/visits/new,PetClinic :: a Spring Framework demonstration
http://localhost:8080/owners/6/pets/7/edit,PetClinic :: a Spring Framework demonstration
http://localhost:8080/owners/7/edit,PetClinic :: a Spring Framework demonstration
http://localhost:8080/owners/6/edit,PetClinic :: a Spring Framework demonstration
http://localhost:8080/owners/7/pets/9/visits/new,PetClinic :: a Spring Framework demonstration
http://localhost:8080/owners/7/pets/new,PetClinic :: a Spring Framework demonstration
http://localhost:8080/owners/6/pets/8/visits/new,PetClinic :: a Spring Framework demonstration
http://localhost:8080/owners/6/pets/8/edit,PetClinic :: a Spring Framework demonstration
http://localhost:8080/owners/7/pets/9/edit,PetClinic :: a Spring Framework demonstration
http://localhost:8080/owners/6/pets/new,PetClinic :: a Spring Framework demonstration
http://localhost:8080/owners/9/pets/11/visits/new,PetClinic :: a Spring Framework demonstration
http://localhost:8080/owners/8/edit,PetClinic :: a Spring Framework demonstration
http://localhost:8080/owners/11/pets/new,PetClinic :: a Spring Framework demonstration
http://localhost:8080/owners/8/pets/10/visits/new,PetClinic :: a Spring Framework demonstration
http://localhost:8080/owners/8/pets/new,PetClinic :: a Spring Framework demonstration
http://localhost:8080/owners/11/edit,PetClinic :: a Spring Framework demonstration
http://localhost:8080/vets.html/?page=1,PetClinic :: a Spring Framework demonstration
http://localhost:8080/owners/8/pets/10/edit,PetClinic :: a Spring Framework demonstration
http://localhost:8080/owners/9/edit,PetClinic :: a Spring Framework demonstration
http://localhost:8080/owners/9/pets/new,PetClinic :: a Spring Framework demonstration
http://localhost:8080/owners/9/pets/11/edit,PetClinic :: a Spring Framework demonstration
